{
  "Logistic Regression": {
    "Accuracy": 0.81,
    "Precision": 0.8181818181818182,
    "Recall": 0.96,
    "F1-Score": 0.8834355828220859,
    "ROC-AUC": 0.8218666666666666
  },
  "Random Forest": {
    "Accuracy": 0.865,
    "Precision": 0.8727272727272727,
    "Recall": 0.96,
    "F1-Score": 0.9142857142857143,
    "ROC-AUC": 0.9013333333333334
  },
  "SVM": {
    "Accuracy": 0.82,
    "Precision": 0.8313953488372093,
    "Recall": 0.9533333333333334,
    "F1-Score": 0.8881987577639752,
    "ROC-AUC": 0.8578666666666667
  },
  "XGBoost": {
    "Accuracy": 0.83,
    "Precision": 0.8670886075949367,
    "Recall": 0.9133333333333333,
    "F1-Score": 0.8896103896103896,
    "ROC-AUC": 0.8941333333333333
  }
}